image_id,png_name,bboxes

1000094,58c58133bc260137e096a580.png,"[[1, 0.2998046875, 0.36875, 0.0166015625, 0.0734375]]"
